GEOID,Y,X
901001,48.430208,-71.051124
901002,48.409091,-71.05609099
902001,48.430208,-71.051124
902002,48.426899,-71.064687
1601001,48.428766,-71.067439
1601002,48.40924,-71.05257199
1603001,48.428766,-71.067439
1603002,48.411753,-71.073616
3401001,48.42802,-71.066224
3401002,48.415428,-71.06539499
